text,category
Please review the attached document for your meeting tomorrow.,important
Your account has been updated successfully.,important
Please confirm your attendance for the upcoming event.,important
"Your password has been changed. If this wasn't you, please contact support.",important
"Your password has been changed. If this wasn't you, please contact support.",important
Your order has been shipped and will arrive in 3-5 days.,important
Please review the attached document for your meeting tomorrow.,important
Please sign and return the attached agreement as soon as possible.,important
Please review the attached document for your meeting tomorrow.,important
The board meeting minutes have been shared in the link below.,important
Your subscription has been renewed successfully.,important
Your account has been updated successfully.,important
Your account has been updated successfully.,important
Please review the attached document for your meeting tomorrow.,important
"Your password has been changed. If this wasn't you, please contact support.",important
"Your password has been changed. If this wasn't you, please contact support.",important
Please sign and return the attached agreement as soon as possible.,important
The board meeting minutes have been shared in the link below.,important
Your account has been updated successfully.,important
Please sign and return the attached agreement as soon as possible.,important
"Your password has been changed. If this wasn't you, please contact support.",important
Please sign and return the attached agreement as soon as possible.,important
Your subscription has been renewed successfully.,important
"Your password has been changed. If this wasn't you, please contact support.",important
You have a meeting scheduled for tomorrow at 10 AM.,important
The board meeting minutes have been shared in the link below.,important
Please confirm your attendance for the upcoming event.,important
Your account has been updated successfully.,important
Your order has been shipped and will arrive in 3-5 days.,important
Your subscription has been renewed successfully.,important
Important notice: The system will undergo maintenance tonight.,important
Please confirm your attendance for the upcoming event.,important
Your order has been shipped and will arrive in 3-5 days.,important
"Your password has been changed. If this wasn't you, please contact support.",important
Important notice: The system will undergo maintenance tonight.,important
Please review the attached document for your meeting tomorrow.,important
Please review the attached document for your meeting tomorrow.,important
Your subscription has been renewed successfully.,important
Please review the attached document for your meeting tomorrow.,important
Important notice: The system will undergo maintenance tonight.,important
Important notice: The system will undergo maintenance tonight.,important
The board meeting minutes have been shared in the link below.,important
Please confirm your attendance for the upcoming event.,important
Your account has been updated successfully.,important
You have a meeting scheduled for tomorrow at 10 AM.,important
Please sign and return the attached agreement as soon as possible.,important
Please review the attached document for your meeting tomorrow.,important
Your subscription has been renewed successfully.,important
Please review the attached document for your meeting tomorrow.,important
Please sign and return the attached agreement as soon as possible.,important
Please confirm your attendance for the upcoming event.,important
The board meeting minutes have been shared in the link below.,important
Important notice: The system will undergo maintenance tonight.,important
The board meeting minutes have been shared in the link below.,important
"Your password has been changed. If this wasn't you, please contact support.",important
Please review the attached document for your meeting tomorrow.,important
Your account has been updated successfully.,important
"Your password has been changed. If this wasn't you, please contact support.",important
Please confirm your attendance for the upcoming event.,important
Please review the attached document for your meeting tomorrow.,important
"Your password has been changed. If this wasn't you, please contact support.",important
Please review the attached document for your meeting tomorrow.,important
Your subscription has been renewed successfully.,important
Please confirm your attendance for the upcoming event.,important
You have a meeting scheduled for tomorrow at 10 AM.,important
Important notice: The system will undergo maintenance tonight.,important
Your order has been shipped and will arrive in 3-5 days.,important
Important notice: The system will undergo maintenance tonight.,important
Important notice: The system will undergo maintenance tonight.,important
"Your password has been changed. If this wasn't you, please contact support.",important
Please confirm your attendance for the upcoming event.,important
Please review the attached document for your meeting tomorrow.,important
The board meeting minutes have been shared in the link below.,important
Your order has been shipped and will arrive in 3-5 days.,important
Please sign and return the attached agreement as soon as possible.,important
"Your password has been changed. If this wasn't you, please contact support.",important
Your order has been shipped and will arrive in 3-5 days.,important
You have a meeting scheduled for tomorrow at 10 AM.,important
Your subscription has been renewed successfully.,important
Please confirm your attendance for the upcoming event.,important
Please sign and return the attached agreement as soon as possible.,important
"Your password has been changed. If this wasn't you, please contact support.",important
Important notice: The system will undergo maintenance tonight.,important
Your account has been updated successfully.,important
"Your password has been changed. If this wasn't you, please contact support.",important
Your account has been updated successfully.,important
Important notice: The system will undergo maintenance tonight.,important
Your subscription has been renewed successfully.,important
Please confirm your attendance for the upcoming event.,important
Please review the attached document for your meeting tomorrow.,important
"Your password has been changed. If this wasn't you, please contact support.",important
The board meeting minutes have been shared in the link below.,important
Important notice: The system will undergo maintenance tonight.,important
"Your password has been changed. If this wasn't you, please contact support.",important
You have a meeting scheduled for tomorrow at 10 AM.,important
Your subscription has been renewed successfully.,important
You have a meeting scheduled for tomorrow at 10 AM.,important
Your order has been shipped and will arrive in 3-5 days.,important
Please confirm your attendance for the upcoming event.,important
Your order has been shipped and will arrive in 3-5 days.,important
"Your password has been changed. If this wasn't you, please contact support.",important
Please sign and return the attached agreement as soon as possible.,important
Please sign and return the attached agreement as soon as possible.,important
Please confirm your attendance for the upcoming event.,important
The board meeting minutes have been shared in the link below.,important
Your subscription has been renewed successfully.,important
The board meeting minutes have been shared in the link below.,important
Your subscription has been renewed successfully.,important
Important notice: The system will undergo maintenance tonight.,important
"Your password has been changed. If this wasn't you, please contact support.",important
Your order has been shipped and will arrive in 3-5 days.,important
Please sign and return the attached agreement as soon as possible.,important
You have a meeting scheduled for tomorrow at 10 AM.,important
Please review the attached document for your meeting tomorrow.,important
Your account has been updated successfully.,important
Please review the attached document for your meeting tomorrow.,important
Your order has been shipped and will arrive in 3-5 days.,important
Your order has been shipped and will arrive in 3-5 days.,important
Your subscription has been renewed successfully.,important
The board meeting minutes have been shared in the link below.,important
Please review the attached document for your meeting tomorrow.,important
Your subscription has been renewed successfully.,important
Your subscription has been renewed successfully.,important
The board meeting minutes have been shared in the link below.,important
You have a meeting scheduled for tomorrow at 10 AM.,important
Please sign and return the attached agreement as soon as possible.,important
Please confirm your attendance for the upcoming event.,important
Please sign and return the attached agreement as soon as possible.,important
Your account has been updated successfully.,important
Please review the attached document for your meeting tomorrow.,important
Please sign and return the attached agreement as soon as possible.,important
Please confirm your attendance for the upcoming event.,important
Important notice: The system will undergo maintenance tonight.,important
Please review the attached document for your meeting tomorrow.,important
Please confirm your attendance for the upcoming event.,important
Your subscription has been renewed successfully.,important
Your order has been shipped and will arrive in 3-5 days.,important
You have a meeting scheduled for tomorrow at 10 AM.,important
Your account has been updated successfully.,important
Please confirm your attendance for the upcoming event.,important
Please sign and return the attached agreement as soon as possible.,important
Your order has been shipped and will arrive in 3-5 days.,important
Please sign and return the attached agreement as soon as possible.,important
Please review the attached document for your meeting tomorrow.,important
Please confirm your attendance for the upcoming event.,important
Please sign and return the attached agreement as soon as possible.,important
The board meeting minutes have been shared in the link below.,important
"Your password has been changed. If this wasn't you, please contact support.",important
Your order has been shipped and will arrive in 3-5 days.,important
Important notice: The system will undergo maintenance tonight.,important
Flash Sale: Up to 70% off on selected items!,promotional
Summer special: Get a free gift with every purchase.,promotional
Summer special: Get a free gift with every purchase.,promotional
Exclusive offer: Get 50% off on your next purchase!,promotional
Last chance! Sale ends tonight at midnight.,promotional
Don't miss out! Free shipping on all orders this weekend.,promotional
Early bird discount: Register now and save 30%!,promotional
Exclusive offer: Get 50% off on your next purchase!,promotional
"Limited time only: Buy one, get one free!",promotional
Don't miss out! Free shipping on all orders this weekend.,promotional
Save 25% when you shop online with the code 'SAVE25'.,promotional
Join our loyalty program and earn rewards on every purchase.,promotional
Exclusive offer: Get 50% off on your next purchase!,promotional
Join our loyalty program and earn rewards on every purchase.,promotional
Last chance! Sale ends tonight at midnight.,promotional
"Limited time only: Buy one, get one free!",promotional
"Limited time only: Buy one, get one free!",promotional
Early bird discount: Register now and save 30%!,promotional
"Limited time only: Buy one, get one free!",promotional
Summer special: Get a free gift with every purchase.,promotional
Flash Sale: Up to 70% off on selected items!,promotional
Flash Sale: Up to 70% off on selected items!,promotional
Early bird discount: Register now and save 30%!,promotional
Summer special: Get a free gift with every purchase.,promotional
Flash Sale: Up to 70% off on selected items!,promotional
Save 25% when you shop online with the code 'SAVE25'.,promotional
Summer special: Get a free gift with every purchase.,promotional
Last chance! Sale ends tonight at midnight.,promotional
Sign up today and enjoy a 20% discount on your first order.,promotional
Join our loyalty program and earn rewards on every purchase.,promotional
Summer special: Get a free gift with every purchase.,promotional
Join our loyalty program and earn rewards on every purchase.,promotional
Save 25% when you shop online with the code 'SAVE25'.,promotional
Sign up today and enjoy a 20% discount on your first order.,promotional
Don't miss out! Free shipping on all orders this weekend.,promotional
Early bird discount: Register now and save 30%!,promotional
Summer special: Get a free gift with every purchase.,promotional
Early bird discount: Register now and save 30%!,promotional
"Limited time only: Buy one, get one free!",promotional
Join our loyalty program and earn rewards on every purchase.,promotional
Join our loyalty program and earn rewards on every purchase.,promotional
"Limited time only: Buy one, get one free!",promotional
Don't miss out! Free shipping on all orders this weekend.,promotional
Exclusive offer: Get 50% off on your next purchase!,promotional
Last chance! Sale ends tonight at midnight.,promotional
Summer special: Get a free gift with every purchase.,promotional
Join our loyalty program and earn rewards on every purchase.,promotional
Last chance! Sale ends tonight at midnight.,promotional
Join our loyalty program and earn rewards on every purchase.,promotional
Exclusive offer: Get 50% off on your next purchase!,promotional
"Limited time only: Buy one, get one free!",promotional
Exclusive offer: Get 50% off on your next purchase!,promotional
Join our loyalty program and earn rewards on every purchase.,promotional
"Limited time only: Buy one, get one free!",promotional
Exclusive offer: Get 50% off on your next purchase!,promotional
Don't miss out! Free shipping on all orders this weekend.,promotional
"Limited time only: Buy one, get one free!",promotional
Summer special: Get a free gift with every purchase.,promotional
Join our loyalty program and earn rewards on every purchase.,promotional
Save 25% when you shop online with the code 'SAVE25'.,promotional
Early bird discount: Register now and save 30%!,promotional
Join our loyalty program and earn rewards on every purchase.,promotional
Summer special: Get a free gift with every purchase.,promotional
Flash Sale: Up to 70% off on selected items!,promotional
Last chance! Sale ends tonight at midnight.,promotional
Last chance! Sale ends tonight at midnight.,promotional
Early bird discount: Register now and save 30%!,promotional
Join our loyalty program and earn rewards on every purchase.,promotional
Early bird discount: Register now and save 30%!,promotional
Sign up today and enjoy a 20% discount on your first order.,promotional
Join our loyalty program and earn rewards on every purchase.,promotional
"Limited time only: Buy one, get one free!",promotional
"Limited time only: Buy one, get one free!",promotional
Sign up today and enjoy a 20% discount on your first order.,promotional
Don't miss out! Free shipping on all orders this weekend.,promotional
Sign up today and enjoy a 20% discount on your first order.,promotional
Sign up today and enjoy a 20% discount on your first order.,promotional
Early bird discount: Register now and save 30%!,promotional
Exclusive offer: Get 50% off on your next purchase!,promotional
"Limited time only: Buy one, get one free!",promotional
Exclusive offer: Get 50% off on your next purchase!,promotional
Sign up today and enjoy a 20% discount on your first order.,promotional
Don't miss out! Free shipping on all orders this weekend.,promotional
"Limited time only: Buy one, get one free!",promotional
Join our loyalty program and earn rewards on every purchase.,promotional
Join our loyalty program and earn rewards on every purchase.,promotional
Join our loyalty program and earn rewards on every purchase.,promotional
Summer special: Get a free gift with every purchase.,promotional
Early bird discount: Register now and save 30%!,promotional
Flash Sale: Up to 70% off on selected items!,promotional
Sign up today and enjoy a 20% discount on your first order.,promotional
Flash Sale: Up to 70% off on selected items!,promotional
Save 25% when you shop online with the code 'SAVE25'.,promotional
Early bird discount: Register now and save 30%!,promotional
Join our loyalty program and earn rewards on every purchase.,promotional
"Limited time only: Buy one, get one free!",promotional
Early bird discount: Register now and save 30%!,promotional
Summer special: Get a free gift with every purchase.,promotional
"Limited time only: Buy one, get one free!",promotional
Exclusive offer: Get 50% off on your next purchase!,promotional
Summer special: Get a free gift with every purchase.,promotional
Exclusive offer: Get 50% off on your next purchase!,promotional
"Limited time only: Buy one, get one free!",promotional
Join our loyalty program and earn rewards on every purchase.,promotional
Flash Sale: Up to 70% off on selected items!,promotional
Sign up today and enjoy a 20% discount on your first order.,promotional
Early bird discount: Register now and save 30%!,promotional
Early bird discount: Register now and save 30%!,promotional
Join our loyalty program and earn rewards on every purchase.,promotional
Sign up today and enjoy a 20% discount on your first order.,promotional
Exclusive offer: Get 50% off on your next purchase!,promotional
Flash Sale: Up to 70% off on selected items!,promotional
Sign up today and enjoy a 20% discount on your first order.,promotional
Exclusive offer: Get 50% off on your next purchase!,promotional
Sign up today and enjoy a 20% discount on your first order.,promotional
Save 25% when you shop online with the code 'SAVE25'.,promotional
Early bird discount: Register now and save 30%!,promotional
Save 25% when you shop online with the code 'SAVE25'.,promotional
Sign up today and enjoy a 20% discount on your first order.,promotional
Summer special: Get a free gift with every purchase.,promotional
Early bird discount: Register now and save 30%!,promotional
Flash Sale: Up to 70% off on selected items!,promotional
Join our loyalty program and earn rewards on every purchase.,promotional
Save 25% when you shop online with the code 'SAVE25'.,promotional
Join our loyalty program and earn rewards on every purchase.,promotional
Exclusive offer: Get 50% off on your next purchase!,promotional
Last chance! Sale ends tonight at midnight.,promotional
Summer special: Get a free gift with every purchase.,promotional
Exclusive offer: Get 50% off on your next purchase!,promotional
Don't miss out! Free shipping on all orders this weekend.,promotional
Exclusive offer: Get 50% off on your next purchase!,promotional
Exclusive offer: Get 50% off on your next purchase!,promotional
Last chance! Sale ends tonight at midnight.,promotional
Early bird discount: Register now and save 30%!,promotional
Summer special: Get a free gift with every purchase.,promotional
Summer special: Get a free gift with every purchase.,promotional
Flash Sale: Up to 70% off on selected items!,promotional
Exclusive offer: Get 50% off on your next purchase!,promotional
Summer special: Get a free gift with every purchase.,promotional
"Limited time only: Buy one, get one free!",promotional
Flash Sale: Up to 70% off on selected items!,promotional
"Limited time only: Buy one, get one free!",promotional
Last chance! Sale ends tonight at midnight.,promotional
"Limited time only: Buy one, get one free!",promotional
Join our loyalty program and earn rewards on every purchase.,promotional
Sign up today and enjoy a 20% discount on your first order.,promotional
"Limited time only: Buy one, get one free!",promotional
Last chance! Sale ends tonight at midnight.,promotional
Join our loyalty program and earn rewards on every purchase.,promotional
Last chance! Sale ends tonight at midnight.,promotional
Let's catch up over coffee this weekend.,social
Catch up with friends at our upcoming social gathering.,social
Let's catch up over coffee this weekend.,social
Don't forget to like and share our latest post!,social
Stay connected with your friends by sharing this link.,social
Let's catch up over coffee this weekend.,social
Let's catch up over coffee this weekend.,social
We’re hosting a live Q&A on Instagram tomorrow!,social
You're invited to our virtual social hour this Friday.,social
Check out our new group chat for planning events.,social
Follow us on social media to stay updated.,social
You're invited to our virtual social hour this Friday.,social
Follow us on social media to stay updated.,social
Check out our new group chat for planning events.,social
Stay connected with your friends by sharing this link.,social
Join our community forum and connect with like-minded people.,social
Check out our new group chat for planning events.,social
Join the conversation in our new online community.,social
You're invited to our virtual social hour this Friday.,social
Don't forget to like and share our latest post!,social
Catch up with friends at our upcoming social gathering.,social
Join the conversation in our new online community.,social
Let's catch up over coffee this weekend.,social
Let's catch up over coffee this weekend.,social
Don't forget to like and share our latest post!,social
Don't forget to like and share our latest post!,social
We’re hosting a live Q&A on Instagram tomorrow!,social
Follow us on social media to stay updated.,social
We’re hosting a live Q&A on Instagram tomorrow!,social
Check out our new group chat for planning events.,social
Join our community forum and connect with like-minded people.,social
You're invited to our virtual social hour this Friday.,social
Don't forget to like and share our latest post!,social
Follow us on social media to stay updated.,social
You're invited to our virtual social hour this Friday.,social
Check out our new group chat for planning events.,social
Join our community forum and connect with like-minded people.,social
Join the conversation in our new online community.,social
We’re hosting a live Q&A on Instagram tomorrow!,social
Check out our new group chat for planning events.,social
Let's catch up over coffee this weekend.,social
We’re hosting a live Q&A on Instagram tomorrow!,social
Catch up with friends at our upcoming social gathering.,social
We’re hosting a live Q&A on Instagram tomorrow!,social
Check out our new group chat for planning events.,social
Don't forget to like and share our latest post!,social
Join our community forum and connect with like-minded people.,social
Check out our new group chat for planning events.,social
Don't forget to like and share our latest post!,social
Don't forget to like and share our latest post!,social
We’re hosting a live Q&A on Instagram tomorrow!,social
Join our community forum and connect with like-minded people.,social
Check out our new group chat for planning events.,social
Check out our new group chat for planning events.,social
Let's catch up over coffee this weekend.,social
Follow us on social media to stay updated.,social
You're invited to our virtual social hour this Friday.,social
Follow us on social media to stay updated.,social
Check out our new group chat for planning events.,social
We’re hosting a live Q&A on Instagram tomorrow!,social
Join the conversation in our new online community.,social
Check out our new group chat for planning events.,social
Catch up with friends at our upcoming social gathering.,social
Don't forget to like and share our latest post!,social
Stay connected with your friends by sharing this link.,social
Check out our new group chat for planning events.,social
Catch up with friends at our upcoming social gathering.,social
Catch up with friends at our upcoming social gathering.,social
You're invited to our virtual social hour this Friday.,social
Join our community forum and connect with like-minded people.,social
Check out our new group chat for planning events.,social
Join our community forum and connect with like-minded people.,social
Join the conversation in our new online community.,social
We’re hosting a live Q&A on Instagram tomorrow!,social
Stay connected with your friends by sharing this link.,social
We’re hosting a live Q&A on Instagram tomorrow!,social
Catch up with friends at our upcoming social gathering.,social
Don't forget to like and share our latest post!,social
Don't forget to like and share our latest post!,social
Join our community forum and connect with like-minded people.,social
We’re hosting a live Q&A on Instagram tomorrow!,social
Catch up with friends at our upcoming social gathering.,social
You're invited to our virtual social hour this Friday.,social
Let's catch up over coffee this weekend.,social
We’re hosting a live Q&A on Instagram tomorrow!,social
Join our community forum and connect with like-minded people.,social
Stay connected with your friends by sharing this link.,social
Join our community forum and connect with like-minded people.,social
Catch up with friends at our upcoming social gathering.,social
Check out our new group chat for planning events.,social
You're invited to our virtual social hour this Friday.,social
Catch up with friends at our upcoming social gathering.,social
You're invited to our virtual social hour this Friday.,social
Follow us on social media to stay updated.,social
Follow us on social media to stay updated.,social
Don't forget to like and share our latest post!,social
You're invited to our virtual social hour this Friday.,social
We’re hosting a live Q&A on Instagram tomorrow!,social
Stay connected with your friends by sharing this link.,social
Let's catch up over coffee this weekend.,social
Join our community forum and connect with like-minded people.,social
Follow us on social media to stay updated.,social
Join our community forum and connect with like-minded people.,social
Join our community forum and connect with like-minded people.,social
Stay connected with your friends by sharing this link.,social
Catch up with friends at our upcoming social gathering.,social
Join our community forum and connect with like-minded people.,social
You're invited to our virtual social hour this Friday.,social
Stay connected with your friends by sharing this link.,social
Follow us on social media to stay updated.,social
Check out our new group chat for planning events.,social
Join our community forum and connect with like-minded people.,social
Don't forget to like and share our latest post!,social
Stay connected with your friends by sharing this link.,social
Catch up with friends at our upcoming social gathering.,social
Join the conversation in our new online community.,social
Follow us on social media to stay updated.,social
Follow us on social media to stay updated.,social
Join the conversation in our new online community.,social
You're invited to our virtual social hour this Friday.,social
Check out our new group chat for planning events.,social
Follow us on social media to stay updated.,social
Follow us on social media to stay updated.,social
Catch up with friends at our upcoming social gathering.,social
Follow us on social media to stay updated.,social
Stay connected with your friends by sharing this link.,social
You're invited to our virtual social hour this Friday.,social
Check out our new group chat for planning events.,social
Don't forget to like and share our latest post!,social
Check out our new group chat for planning events.,social
You're invited to our virtual social hour this Friday.,social
We’re hosting a live Q&A on Instagram tomorrow!,social
Stay connected with your friends by sharing this link.,social
We’re hosting a live Q&A on Instagram tomorrow!,social
You're invited to our virtual social hour this Friday.,social
Catch up with friends at our upcoming social gathering.,social
Don't forget to like and share our latest post!,social
Check out our new group chat for planning events.,social
Join our community forum and connect with like-minded people.,social
Let's catch up over coffee this weekend.,social
Check out our new group chat for planning events.,social
Catch up with friends at our upcoming social gathering.,social
Don't forget to like and share our latest post!,social
Let's catch up over coffee this weekend.,social
Stay connected with your friends by sharing this link.,social
You're invited to our virtual social hour this Friday.,social
You're invited to our virtual social hour this Friday.,social
Stay connected with your friends by sharing this link.,social
Let's catch up over coffee this weekend.,social
We’re hosting a live Q&A on Instagram tomorrow!,social
Learn how to grow your business with our latest guide.,marketing
Grow your audience with our targeted marketing campaigns.,marketing
Take your marketing to the next level with our expert tips.,marketing
Boost your brand visibility with our customized solutions.,marketing
Join our webinar to learn effective digital marketing strategies.,marketing
Discover the power of our new marketing automation tools.,marketing
Grow your audience with our targeted marketing campaigns.,marketing
Discover the power of our new marketing automation tools.,marketing
Learn the secrets to successful influencer marketing.,marketing
Learn the secrets to successful influencer marketing.,marketing
Boost your brand visibility with our customized solutions.,marketing
Maximize your ROI with our advanced marketing analytics.,marketing
Grow your audience with our targeted marketing campaigns.,marketing
Learn how to grow your business with our latest guide.,marketing
Maximize your ROI with our advanced marketing analytics.,marketing
Take your marketing to the next level with our expert tips.,marketing
Maximize your ROI with our advanced marketing analytics.,marketing
Learn how to grow your business with our latest guide.,marketing
Join our webinar to learn effective digital marketing strategies.,marketing
Learn the secrets to successful influencer marketing.,marketing
Join our webinar to learn effective digital marketing strategies.,marketing
Grow your audience with our targeted marketing campaigns.,marketing
Maximize your ROI with our advanced marketing analytics.,marketing
Grow your audience with our targeted marketing campaigns.,marketing
Join our webinar to learn effective digital marketing strategies.,marketing
Learn the secrets to successful influencer marketing.,marketing
Unlock the potential of email marketing with our latest software.,marketing
Boost your brand visibility with our customized solutions.,marketing
Grow your audience with our targeted marketing campaigns.,marketing
Grow your audience with our targeted marketing campaigns.,marketing
Unlock the potential of email marketing with our latest software.,marketing
Take your marketing to the next level with our expert tips.,marketing
Take your marketing to the next level with our expert tips.,marketing
Join our webinar to learn effective digital marketing strategies.,marketing
Grow your audience with our targeted marketing campaigns.,marketing
Learn the secrets to successful influencer marketing.,marketing
Discover the power of our new marketing automation tools.,marketing
Join our webinar to learn effective digital marketing strategies.,marketing
Join our webinar to learn effective digital marketing strategies.,marketing
Boost your brand visibility with our customized solutions.,marketing
Grow your audience with our targeted marketing campaigns.,marketing
Take your marketing to the next level with our expert tips.,marketing
Take your marketing to the next level with our expert tips.,marketing
Maximize your ROI with our advanced marketing analytics.,marketing
Harness the power of social media marketing to grow your brand.,marketing
Harness the power of social media marketing to grow your brand.,marketing
Harness the power of social media marketing to grow your brand.,marketing
Boost your brand visibility with our customized solutions.,marketing
Learn the secrets to successful influencer marketing.,marketing
Harness the power of social media marketing to grow your brand.,marketing
Unlock the potential of email marketing with our latest software.,marketing
Learn how to grow your business with our latest guide.,marketing
Join our webinar to learn effective digital marketing strategies.,marketing
Learn the secrets to successful influencer marketing.,marketing
Take your marketing to the next level with our expert tips.,marketing
Maximize your ROI with our advanced marketing analytics.,marketing
Learn how to grow your business with our latest guide.,marketing
Boost your brand visibility with our customized solutions.,marketing
Join our webinar to learn effective digital marketing strategies.,marketing
Boost your brand visibility with our customized solutions.,marketing
Boost your brand visibility with our customized solutions.,marketing
Unlock the potential of email marketing with our latest software.,marketing
Discover the power of our new marketing automation tools.,marketing
Discover the power of our new marketing automation tools.,marketing
Boost your brand visibility with our customized solutions.,marketing
Harness the power of social media marketing to grow your brand.,marketing
Take your marketing to the next level with our expert tips.,marketing
Learn how to grow your business with our latest guide.,marketing
Harness the power of social media marketing to grow your brand.,marketing
Grow your audience with our targeted marketing campaigns.,marketing
Take your marketing to the next level with our expert tips.,marketing
Boost your brand visibility with our customized solutions.,marketing
Grow your audience with our targeted marketing campaigns.,marketing
Harness the power of social media marketing to grow your brand.,marketing
Grow your audience with our targeted marketing campaigns.,marketing
Boost your brand visibility with our customized solutions.,marketing
Unlock the potential of email marketing with our latest software.,marketing
Discover the power of our new marketing automation tools.,marketing
Learn how to grow your business with our latest guide.,marketing
Grow your audience with our targeted marketing campaigns.,marketing
Boost your brand visibility with our customized solutions.,marketing
Unlock the potential of email marketing with our latest software.,marketing
Learn the secrets to successful influencer marketing.,marketing
Harness the power of social media marketing to grow your brand.,marketing
Discover the power of our new marketing automation tools.,marketing
Learn the secrets to successful influencer marketing.,marketing
Boost your brand visibility with our customized solutions.,marketing
Learn how to grow your business with our latest guide.,marketing
Harness the power of social media marketing to grow your brand.,marketing
Unlock the potential of email marketing with our latest software.,marketing
Harness the power of social media marketing to grow your brand.,marketing
Learn the secrets to successful influencer marketing.,marketing
Learn the secrets to successful influencer marketing.,marketing
Take your marketing to the next level with our expert tips.,marketing
Maximize your ROI with our advanced marketing analytics.,marketing
Harness the power of social media marketing to grow your brand.,marketing
Take your marketing to the next level with our expert tips.,marketing
Learn the secrets to successful influencer marketing.,marketing
Grow your audience with our targeted marketing campaigns.,marketing
Learn the secrets to successful influencer marketing.,marketing
Harness the power of social media marketing to grow your brand.,marketing
Unlock the potential of email marketing with our latest software.,marketing
Harness the power of social media marketing to grow your brand.,marketing
Harness the power of social media marketing to grow your brand.,marketing
Join our webinar to learn effective digital marketing strategies.,marketing
Boost your brand visibility with our customized solutions.,marketing
Join our webinar to learn effective digital marketing strategies.,marketing
Learn the secrets to successful influencer marketing.,marketing
Harness the power of social media marketing to grow your brand.,marketing
Boost your brand visibility with our customized solutions.,marketing
Join our webinar to learn effective digital marketing strategies.,marketing
Harness the power of social media marketing to grow your brand.,marketing
Learn how to grow your business with our latest guide.,marketing
Join our webinar to learn effective digital marketing strategies.,marketing
Boost your brand visibility with our customized solutions.,marketing
Join our webinar to learn effective digital marketing strategies.,marketing
Maximize your ROI with our advanced marketing analytics.,marketing
Maximize your ROI with our advanced marketing analytics.,marketing
Learn the secrets to successful influencer marketing.,marketing
Learn how to grow your business with our latest guide.,marketing
Unlock the potential of email marketing with our latest software.,marketing
Unlock the potential of email marketing with our latest software.,marketing
Boost your brand visibility with our customized solutions.,marketing
Grow your audience with our targeted marketing campaigns.,marketing
Unlock the potential of email marketing with our latest software.,marketing
Boost your brand visibility with our customized solutions.,marketing
Learn how to grow your business with our latest guide.,marketing
Grow your audience with our targeted marketing campaigns.,marketing
Grow your audience with our targeted marketing campaigns.,marketing
Maximize your ROI with our advanced marketing analytics.,marketing
Learn the secrets to successful influencer marketing.,marketing
Harness the power of social media marketing to grow your brand.,marketing
Grow your audience with our targeted marketing campaigns.,marketing
Discover the power of our new marketing automation tools.,marketing
Boost your brand visibility with our customized solutions.,marketing
Grow your audience with our targeted marketing campaigns.,marketing
Grow your audience with our targeted marketing campaigns.,marketing
Take your marketing to the next level with our expert tips.,marketing
Discover the power of our new marketing automation tools.,marketing
Take your marketing to the next level with our expert tips.,marketing
Grow your audience with our targeted marketing campaigns.,marketing
Harness the power of social media marketing to grow your brand.,marketing
Discover the power of our new marketing automation tools.,marketing
Maximize your ROI with our advanced marketing analytics.,marketing
Join our webinar to learn effective digital marketing strategies.,marketing
Grow your audience with our targeted marketing campaigns.,marketing
Grow your audience with our targeted marketing campaigns.,marketing
Learn the secrets to successful influencer marketing.,marketing
Learn the secrets to successful influencer marketing.,marketing
Take your marketing to the next level with our expert tips.,marketing
Get rich quick! Invest in our scheme now!,spam
"Act fast! Your computer is infected, download the fix now.",spam
Get rich quick! Invest in our scheme now!,spam
"You’ve been selected for a free vacation, act now!",spam
"You have unclaimed rewards waiting for you, click to redeem.",spam
"Act fast! Your computer is infected, download the fix now.",spam
"Congratulations! You’ve won a $1,000 gift card.",spam
"You have unclaimed rewards waiting for you, click to redeem.",spam
Click here to get unlimited access to premium content for free.,spam
"You have unclaimed rewards waiting for you, click to redeem.",spam
This is your last chance to claim your free iPhone!,spam
"Act fast! Your computer is infected, download the fix now.",spam
This is your last chance to claim your free iPhone!,spam
You have won a free prize! Claim it now before it's gone.,spam
"Get instant approval for a $10,000 loan with no credit check!",spam
"Congratulations! You’ve won a $1,000 gift card.",spam
"You have unclaimed rewards waiting for you, click to redeem.",spam
You have won a free prize! Claim it now before it's gone.,spam
You have won a free prize! Claim it now before it's gone.,spam
"Congratulations! You’ve won a $1,000 gift card.",spam
"Urgent! Your account has been compromised, click here to fix it.",spam
"You have unclaimed rewards waiting for you, click to redeem.",spam
This is your last chance to claim your free iPhone!,spam
"Act fast! Your computer is infected, download the fix now.",spam
This is your last chance to claim your free iPhone!,spam
"Congratulations! You’ve won a $1,000 gift card.",spam
"You’ve been selected for a free vacation, act now!",spam
"You have unclaimed rewards waiting for you, click to redeem.",spam
Click here to get unlimited access to premium content for free.,spam
Get rich quick! Invest in our scheme now!,spam
"Act fast! Your computer is infected, download the fix now.",spam
Click here to get unlimited access to premium content for free.,spam
Click here to get unlimited access to premium content for free.,spam
"You have unclaimed rewards waiting for you, click to redeem.",spam
"You’ve been selected for a free vacation, act now!",spam
"You have unclaimed rewards waiting for you, click to redeem.",spam
"You’ve been selected for a free vacation, act now!",spam
"Urgent! Your account has been compromised, click here to fix it.",spam
"Act fast! Your computer is infected, download the fix now.",spam
"Congratulations! You’ve won a $1,000 gift card.",spam
"Get instant approval for a $10,000 loan with no credit check!",spam
"Congratulations! You’ve won a $1,000 gift card.",spam
Click here to get unlimited access to premium content for free.,spam
Get rich quick! Invest in our scheme now!,spam
"Urgent! Your account has been compromised, click here to fix it.",spam
"Congratulations! You’ve won a $1,000 gift card.",spam
"Congratulations! You’ve won a $1,000 gift card.",spam
Get rich quick! Invest in our scheme now!,spam
Get rich quick! Invest in our scheme now!,spam
"Congratulations! You’ve won a $1,000 gift card.",spam
You have won a free prize! Claim it now before it's gone.,spam
This is your last chance to claim your free iPhone!,spam
Get rich quick! Invest in our scheme now!,spam
This is your last chance to claim your free iPhone!,spam
"Act fast! Your computer is infected, download the fix now.",spam
"Urgent! Your account has been compromised, click here to fix it.",spam
You have won a free prize! Claim it now before it's gone.,spam
Get rich quick! Invest in our scheme now!,spam
"Act fast! Your computer is infected, download the fix now.",spam
"You’ve been selected for a free vacation, act now!",spam
Click here to get unlimited access to premium content for free.,spam
This is your last chance to claim your free iPhone!,spam
You have won a free prize! Claim it now before it's gone.,spam
You have won a free prize! Claim it now before it's gone.,spam
"Urgent! Your account has been compromised, click here to fix it.",spam
This is your last chance to claim your free iPhone!,spam
"You’ve been selected for a free vacation, act now!",spam
"Urgent! Your account has been compromised, click here to fix it.",spam
You have won a free prize! Claim it now before it's gone.,spam
"Congratulations! You’ve won a $1,000 gift card.",spam
"You’ve been selected for a free vacation, act now!",spam
You have won a free prize! Claim it now before it's gone.,spam
"You have unclaimed rewards waiting for you, click to redeem.",spam
"You have unclaimed rewards waiting for you, click to redeem.",spam
Get rich quick! Invest in our scheme now!,spam
"Urgent! Your account has been compromised, click here to fix it.",spam
You have won a free prize! Claim it now before it's gone.,spam
Get rich quick! Invest in our scheme now!,spam
"Urgent! Your account has been compromised, click here to fix it.",spam
"You’ve been selected for a free vacation, act now!",spam
You have won a free prize! Claim it now before it's gone.,spam
"Urgent! Your account has been compromised, click here to fix it.",spam
You have won a free prize! Claim it now before it's gone.,spam
"Congratulations! You’ve won a $1,000 gift card.",spam
Click here to get unlimited access to premium content for free.,spam
"Get instant approval for a $10,000 loan with no credit check!",spam
"You have unclaimed rewards waiting for you, click to redeem.",spam
Click here to get unlimited access to premium content for free.,spam
"Urgent! Your account has been compromised, click here to fix it.",spam
"Get instant approval for a $10,000 loan with no credit check!",spam
Click here to get unlimited access to premium content for free.,spam
"Congratulations! You’ve won a $1,000 gift card.",spam
"You have unclaimed rewards waiting for you, click to redeem.",spam
"Act fast! Your computer is infected, download the fix now.",spam
"Urgent! Your account has been compromised, click here to fix it.",spam
"You have unclaimed rewards waiting for you, click to redeem.",spam
Click here to get unlimited access to premium content for free.,spam
"Act fast! Your computer is infected, download the fix now.",spam
This is your last chance to claim your free iPhone!,spam
"You have unclaimed rewards waiting for you, click to redeem.",spam
This is your last chance to claim your free iPhone!,spam
"Get instant approval for a $10,000 loan with no credit check!",spam
"You’ve been selected for a free vacation, act now!",spam
You have won a free prize! Claim it now before it's gone.,spam
"Get instant approval for a $10,000 loan with no credit check!",spam
"Act fast! Your computer is infected, download the fix now.",spam
"Act fast! Your computer is infected, download the fix now.",spam
"You have unclaimed rewards waiting for you, click to redeem.",spam
You have won a free prize! Claim it now before it's gone.,spam
"You’ve been selected for a free vacation, act now!",spam
Click here to get unlimited access to premium content for free.,spam
Get rich quick! Invest in our scheme now!,spam
"Urgent! Your account has been compromised, click here to fix it.",spam
"You’ve been selected for a free vacation, act now!",spam
"Act fast! Your computer is infected, download the fix now.",spam
Get rich quick! Invest in our scheme now!,spam
"Act fast! Your computer is infected, download the fix now.",spam
You have won a free prize! Claim it now before it's gone.,spam
You have won a free prize! Claim it now before it's gone.,spam
"You have unclaimed rewards waiting for you, click to redeem.",spam
Click here to get unlimited access to premium content for free.,spam
"Congratulations! You’ve won a $1,000 gift card.",spam
"Act fast! Your computer is infected, download the fix now.",spam
Click here to get unlimited access to premium content for free.,spam
This is your last chance to claim your free iPhone!,spam
"Act fast! Your computer is infected, download the fix now.",spam
Get rich quick! Invest in our scheme now!,spam
Click here to get unlimited access to premium content for free.,spam
"You’ve been selected for a free vacation, act now!",spam
Click here to get unlimited access to premium content for free.,spam
"You’ve been selected for a free vacation, act now!",spam
You have won a free prize! Claim it now before it's gone.,spam
"You’ve been selected for a free vacation, act now!",spam
"Get instant approval for a $10,000 loan with no credit check!",spam
"Congratulations! You’ve won a $1,000 gift card.",spam
"Get instant approval for a $10,000 loan with no credit check!",spam
Get rich quick! Invest in our scheme now!,spam
"Urgent! Your account has been compromised, click here to fix it.",spam
Get rich quick! Invest in our scheme now!,spam
"You have unclaimed rewards waiting for you, click to redeem.",spam
"Act fast! Your computer is infected, download the fix now.",spam
"Get instant approval for a $10,000 loan with no credit check!",spam
Get rich quick! Invest in our scheme now!,spam
"Act fast! Your computer is infected, download the fix now.",spam
"Act fast! Your computer is infected, download the fix now.",spam
"Act fast! Your computer is infected, download the fix now.",spam
"Congratulations! You’ve won a $1,000 gift card.",spam
"Urgent! Your account has been compromised, click here to fix it.",spam
"You’ve been selected for a free vacation, act now!",spam
Get rich quick! Invest in our scheme now!,spam
